Berisha,Maxine,100
Montag,07.00,12.00,13.00,17.00
Dienstag,07.30,12.30,13.00,17.30
Mittwoch,06.45,11.45,12.30,16.30
Donnerstag,07.10,12.10,13.00,17.20
Freitag,00.00,00.00,00.00,00.00

Musterfrau,Maxine,0
Montag,07.30,12.00,12.30,16.30, 17.32
Dienstag,07.45,12.00,12.30,16.39
Mittwoch,07.30,12.00,12.30,16.30
Donnerstag,07.40,12.00,12.30,16.34
Freitag,07.50,12.00,12.30,16.36

Rechi,Arti,100
Montag,06.50,11.45,18.30,22.98
Dienstag,07.10,12.00,12.45,17.05
Mittwoch,07.25,12.20,13.00,17.20
Donnerstag,06.40,11.40,12.30,16.20
Samstag,05.30,10.30,11.15,22.00
Freedays,05.30,10.30,11.15,22.00
